{
  "summary_statistics": {
    "simulation_duration": 29.900000000000002,
    "average_throughput_dl_mbps": 3.7074762226398508,
    "average_throughput_ul_mbps": 2.5952333558478955,
    "peak_throughput_dl_mbps": 4.4325051352998,
    "peak_throughput_ul_mbps": 3.1027535947098595,
    "average_connection_rate": 1.0,
    "min_connection_rate": 1.0,
    "average_resource_utilization": 0.006666666666666667,
    "peak_resource_utilization": 0.016,
    "total_measurements": 300,
    "unique_ues": 10,
    "unique_gnbs": 3
  },
  "ue_statistics": {
    "0": {
      "average_throughput_dl_mbps": 3.4771351764099987,
      "average_throughput_ul_mbps": 2.4339946234869987,
      "peak_throughput_dl_mbps": 3.6232159209775245,
      "peak_throughput_ul_mbps": 2.536251144684267,
      "average_speed": 0.0,
      "max_speed": 0.0,
      "total_distance_traveled": 0.0,
      "handover_count": 86,
      "average_sinr_db": -14.648436964718476,
      "average_rsrp_dbm": -54.08368569148633,
      "connection_time_ratio": 1.0
    },
    "1": {
      "average_throughput_dl_mbps": 4.079073043344338,
      "average_throughput_ul_mbps": 2.8553511303410355,
      "peak_throughput_dl_mbps": 4.251163591611954,
      "peak_throughput_ul_mbps": 2.9758145141283676,
      "average_speed": 0.0,
      "max_speed": 0.0,
      "total_distance_traveled": 0.0,
      "handover_count": 68,
      "average_sinr_db": 2.185280413706043,
      "average_rsrp_dbm": -45.48055097137878,
      "connection_time_ratio": 1.0
    },
    "2": {
      "average_throughput_dl_mbps": 3.6220865572731973,
      "average_throughput_ul_mbps": 2.5354605900912386,
      "peak_throughput_dl_mbps": 3.702152911424722,
      "peak_throughput_ul_mbps": 2.5915070379973053,
      "average_speed": 0.0,
      "max_speed": 0.0,
      "total_distance_traveled": 0.0,
      "handover_count": 91,
      "average_sinr_db": -10.950198257000606,
      "average_rsrp_dbm": -51.11526953054244,
      "connection_time_ratio": 1.0
    },
    "3": {
      "average_throughput_dl_mbps": 3.305412157731321,
      "average_throughput_ul_mbps": 2.313788510411925,
      "peak_throughput_dl_mbps": 3.479202509464192,
      "peak_throughput_ul_mbps": 2.4354417566249342,
      "average_speed": 0.0,
      "max_speed": 0.0,
      "total_distance_traveled": 0.0,
      "handover_count": 93,
      "average_sinr_db": -21.59518516712653,
      "average_rsrp_dbm": -55.391765382332096,
      "connection_time_ratio": 1.0
    },
    "4": {
      "average_throughput_dl_mbps": 3.280402787486993,
      "average_throughput_ul_mbps": 2.296281951240895,
      "peak_throughput_dl_mbps": 3.4313734093329478,
      "peak_throughput_ul_mbps": 2.4019613865330633,
      "average_speed": 0.0,
      "max_speed": 0.0,
      "total_distance_traveled": 0.0,
      "handover_count": 89,
      "average_sinr_db": -21.689290077067817,
      "average_rsrp_dbm": -56.133121250547845,
      "connection_time_ratio": 1.0
    },
    "5": {
      "average_throughput_dl_mbps": 3.9779225033807597,
      "average_throughput_ul_mbps": 2.7845457523665313,
      "peak_throughput_dl_mbps": 4.067658231640717,
      "peak_throughput_ul_mbps": 2.8473607621485018,
      "average_speed": 0.0,
      "max_speed": 0.0,
      "total_distance_traveled": 0.0,
      "handover_count": 89,
      "average_sinr_db": -0.6419337846558894,
      "average_rsrp_dbm": -46.33866461937693,
      "connection_time_ratio": 1.0
    },
    "6": {
      "average_throughput_dl_mbps": 3.9745447061266037,
      "average_throughput_ul_mbps": 2.782181294288623,
      "peak_throughput_dl_mbps": 4.0570905219876146,
      "peak_throughput_ul_mbps": 2.83996336539133,
      "average_speed": 0.0,
      "max_speed": 0.0,
      "total_distance_traveled": 0.0,
      "handover_count": 90,
      "average_sinr_db": -1.518175610567429,
      "average_rsrp_dbm": -45.94828505858473,
      "connection_time_ratio": 1.0
    },
    "7": {
      "average_throughput_dl_mbps": 4.279482307810834,
      "average_throughput_ul_mbps": 2.9956376154675843,
      "peak_throughput_dl_mbps": 4.4325051352998,
      "peak_throughput_ul_mbps": 3.1027535947098595,
      "average_speed": 0.0,
      "max_speed": 0.0,
      "total_distance_traveled": 0.0,
      "handover_count": 45,
      "average_sinr_db": 9.856088708941957,
      "average_rsrp_dbm": -44.54225664986447,
      "connection_time_ratio": 1.0
    },
    "8": {
      "average_throughput_dl_mbps": 3.662471663055433,
      "average_throughput_ul_mbps": 2.563730164138802,
      "peak_throughput_dl_mbps": 3.8281873503723123,
      "peak_throughput_ul_mbps": 2.6797311452606185,
      "average_speed": 0.0,
      "max_speed": 0.0,
      "total_distance_traveled": 0.0,
      "handover_count": 85,
      "average_sinr_db": -8.731647341353485,
      "average_rsrp_dbm": -51.3336061984667,
      "connection_time_ratio": 1.0
    },
    "9": {
      "average_throughput_dl_mbps": 3.416231323779034,
      "average_throughput_ul_mbps": 2.3913619266453234,
      "peak_throughput_dl_mbps": 3.5393917037979437,
      "peak_throughput_ul_mbps": 2.4775741926585604,
      "average_speed": 0.0,
      "max_speed": 0.0,
      "total_distance_traveled": 0.0,
      "handover_count": 91,
      "average_sinr_db": -18.195225614028626,
      "average_rsrp_dbm": -53.917692638883736,
      "connection_time_ratio": 1.0
    }
  },
  "gnb_statistics": {
    "0": {
      "average_connected_ues": 3.68,
      "peak_connected_ues": 8.0,
      "average_resource_utilization": 0.00736,
      "peak_resource_utilization": 0.016,
      "average_load": 0.0368,
      "peak_load": 0.08,
      "total_handovers_in": 278.0,
      "total_handovers_out": 0.0,
      "position": [
        -500.0,
        0.0
      ]
    },
    "1": {
      "average_connected_ues": 3.8966666666666665,
      "peak_connected_ues": 8.0,
      "average_resource_utilization": 0.0077933333333333335,
      "peak_resource_utilization": 0.016,
      "average_load": 0.03896666666666667,
      "peak_load": 0.08,
      "total_handovers_in": 294.0,
      "total_handovers_out": 0.0,
      "position": [
        500.0,
        0.0
      ]
    },
    "2": {
      "average_connected_ues": 2.4233333333333333,
      "peak_connected_ues": 6.0,
      "average_resource_utilization": 0.0048466666666666675,
      "peak_resource_utilization": 0.012,
      "average_load": 0.024233333333333336,
      "peak_load": 0.06,
      "total_handovers_in": 255.0,
      "total_handovers_out": 0.0,
      "position": [
        0.0,
        866.0
      ]
    }
  },
  "handover_statistics": {
    "total_attempts": 886,
    "successful_handovers": 827,
    "failed_handovers": 54,
    "ping_pong_handovers": 0,
    "success_rate": 0.9334085778781038,
    "failure_rate": 0.060948081264108354,
    "ping_pong_rate": 0.0,
    "average_handover_duration": 99.39540507859738,
    "average_interruption_time": 100.00000000000003
  },
  "execution_time": 0.2775003910064697
}